dtime,time,open,high,low,close,vwap,volume,count
2020-05-28,1590624000,8364.9,8611.8,8290.6,8527.8,8472.9,6370.59224047,27258
2020-05-27,1590537600,8062.1,8410.9,8058.5,8364.9,8263.9,5433.32315303,28155
2020-05-26,1590451200,8163.3,8250.0,7945.4,8062.1,8088.8,5228.05232657,27473
2020-05-25,1590364800,8008.0,8240.0,7938.4,8163.3,8088.6,6256.60326098,33277
2020-05-24,1590278400,8422.1,8530.5,8000.0,8008.1,8282.8,4906.56929176,25947
2020-05-23,1590192000,8413.6,8538.5,8355.1,8422.1,8443.3,2184.13041691,16458
2020-05-22,1590105600,8281.7,8513.8,8182.0,8413.6,8392.1,6289.63573188,31686
2020-05-21,1590019200,8671.0,8728.5,8041.0,8282.5,8381.1,12721.65200175,52412
2020-05-20,1589932800,8953.2,8982.4,8504.2,8671.0,8770.7,8436.51248156,37479
2020-05-19,1589846400,8910.4,9010.0,8700.0,8953.2,8861.9,8137.17072438,34669
2020-05-18,1589760000,8926.6,9145.0,8666.0,8912.0,8913.7,8136.27959405,39226
2020-05-17,1589673600,8687.2,9098.0,8636.2,8927.0,8935.0,6828.49552291,31994
2020-05-16,1589587200,8610.2,8847.3,8527.5,8687.2,8704.5,3119.97927038,22929
2020-05-15,1589500800,9056.9,9103.6,8460.0,8610.1,8790.7,9990.68854722,48417
2020-05-14,1589414400,8621.3,9200.0,8100.0,9056.9,8940.5,14117.49269959,60405
2020-05-13,1589328000,8141.7,8715.0,8131.8,8621.3,8403.2,8695.84872577,42496
2020-05-12,1589241600,7937.6,8287.0,7911.9,8143.4,8134.3,6875.90886121,36002
2020-05-11,1589155200,8069.2,8521.3,7592.3,7937.6,8068.1,17631.56449464,74036
2020-05-10,1589068800,8817.1,8833.3,7500.0,8064.7,8071.5,18794.19403691,83935
2020-05-09,1588982400,9056.7,9149.2,8776.3,8819.4,8936.3,7086.04366216,36659
2020-05-08,1588896000,9220.7,9256.1,8973.8,9056.8,9155.4,9345.34742623,46444
2020-05-07,1588809600,8492.4,9278.0,8362.9,9220.7,8905.4,16624.12088657,66529
2020-05-06,1588723200,8334.1,8719.5,8232.3,8502.3,8525.3,10930.45241189,49175
2020-05-05,1588636800,8148.7,8385.0,8088.3,8337.4,8237.8,8312.80786946,38903
2020-05-04,1588550400,8128.0,8220.0,7811.0,8148.7,8034.3,8417.77178371,37870
2020-05-03,1588464000,8182.2,8370.0,7971.2,8129.6,8169.2,6498.71720474,30507
2020-05-02,1588377600,8033.3,8201.3,7984.0,8179.3,8102.2,3733.24303405,23850
2020-05-01,1588291200,7898.3,8288.3,7890.9,8030.3,8041.2,6832.30409412,32645
2020-04-30,1588204800,8078.4,8737.2,7705.0,7902.3,8225.5,21449.31850037,86351
2020-04-29,1588118400,7175.3,8267.3,7129.0,8074.9,7744.2,20838.90095138,78922
2020-04-28,1588032000,7202.9,7206.5,7100.0,7178.0,7144.2,4541.74508819,23471
2020-04-27,1587945600,7121.8,7216.0,7045.8,7202.9,7123.9,6110.98396866,27908
2020-04-26,1587859200,6987.4,7129.9,6961.0,7121.9,7056.6,4656.78289033,21167
2020-04-25,1587772800,6939.3,7120.0,6889.3,6987.4,6998.7,3339.26588661,21435
2020-04-24,1587686400,6938.7,7080.6,6850.1,6938.0,6977.8,6483.3658107,31815
2020-04-23,1587600000,6590.7,7150.8,6501.6,6935.0,6820.7,10416.87937194,46485
2020-04-22,1587513600,6319.2,6620.0,6300.0,6590.0,6495.4,6849.58651202,26827
2020-04-21,1587427200,6305.7,6425.6,6276.0,6319.3,6337.1,6273.08641219,27362
2020-04-20,1587340800,6568.2,6650.0,6237.3,6305.7,6432.9,8223.59218716,36998
2020-04-19,1587254400,6689.0,6699.7,6507.0,6567.6,6592.5,2608.77883913,16879
2020-04-18,1587168000,6476.0,6720.0,6470.1,6687.7,6625.2,3376.25379638,20582
2020-04-17,1587081600,6547.8,6597.9,6444.5,6475.7,6521.7,4811.84143734,27668
2020-04-16,1586995200,6088.0,6635.9,5950.5,6547.8,6398.2,13078.42299735,49035
2020-04-15,1586908800,6265.6,6330.1,6064.0,6087.9,6212.5,6666.36132628,31869
2020-04-14,1586822400,6281.8,6380.9,6207.2,6265.6,6294.1,5576.29819961,27780
2020-04-13,1586736000,6326.4,6333.5,6047.2,6280.2,6177.7,6775.08005653,33792
2020-04-12,1586649600,6310.0,6600.0,6216.7,6330.0,6443.4,4992.17853968,27429
2020-04-11,1586563200,6284.5,6366.6,6201.0,6311.2,6282.3,2461.21113844,21662
2020-04-10,1586476800,6687.9,6694.8,6170.3,6284.1,6356.8,8756.89039238,43485
2020-04-09,1586390400,6786.6,6790.0,6560.0,6688.5,6702.9,6050.24394586,31293
2020-04-08,1586304000,6611.2,6832.0,6574.7,6784.9,6728.3,6719.62195341,35429
2020-04-07,1586217600,6800.4,6913.5,6486.6,6611.3,6731.0,10167.55887693,46262
2020-04-06,1586131200,6282.1,6813.9,6274.7,6799.1,6601.9,10396.20762373,48495
2020-04-05,1586044800,6365.0,6406.6,6205.0,6282.1,6292.2,2871.41125521,20080
2020-04-04,1585958400,6249.0,6480.4,6180.0,6365.0,6303.5,4248.11330363,25135
2020-04-03,1585872000,6263.9,6526.4,6133.0,6247.5,6340.5,8560.07144915,38784
2020-04-02,1585785600,6084.2,6646.0,6009.3,6265.5,6273.2,15036.56273772,58687
2020-04-01,1585699200,5838.7,6121.0,5641.4,6076.9,5790.5,7418.73190675,34584
2020-03-31,1585612800,5804.6,6190.9,5797.7,5838.5,5903.4,6448.004756,28246
2020-03-30,1585526400,5283.8,5995.9,5270.0,5804.6,5732.6,11047.42367335,38235
2020-03-29,1585440000,5629.9,5650.0,5282.0,5284.4,5457.9,6187.47311245,25567
2020-03-28,1585353600,5748.7,5748.7,5424.0,5629.9,5601.6,8742.33460248,36210
2020-03-27,1585267200,6127.9,6228.1,5627.2,5748.8,6018.1,6999.00219122,31555
2020-03-26,1585180800,6161.9,6245.0,5963.8,6127.8,6076.4,8816.5645392,31807
2020-03-25,1585094400,6273.7,6459.7,6000.0,6159.7,6193.0,11219.34293489,42401
2020-03-24,1585008000,6044.0,6363.8,5935.6,6273.7,6194.1,12195.40823924,49153
2020-03-23,1584921600,5460.1,6183.0,5350.0,6047.8,5762.4,13603.65974718,49281
2020-03-22,1584835200,5834.8,6024.5,5404.5,5465.8,5675.0,7581.48485854,35862
2020-03-21,1584748800,5823.8,6067.3,5503.2,5834.8,5793.3,6739.30727788,35875
2020-03-20,1584662400,5830.1,6500.0,5270.0,5823.3,6011.5,25449.16909531,85974
2020-03-19,1584576000,4952.6,6063.4,4839.3,5830.2,5509.9,22098.61302525,76303
2020-03-18,1584489600,4866.4,4985.0,4622.0,4953.0,4816.6,13244.73510137,43593
2020-03-17,1584403200,4519.5,5082.6,4436.7,4867.0,4839.0,15923.72690992,51601
2020-03-16,1584316800,4817.7,4839.4,4000.1,4519.5,4376.8,22814.77817597,78158
2020-03-15,1584230400,4683.9,5389.7,4617.5,4817.7,4893.2,9477.52052079,39140
2020-03-14,1584144000,5106.5,5136.1,4575.1,4683.9,4869.2,7952.80170869,37460
2020-03-13,1584057600,4392.7,5431.9,3550.0,5113.4,4727.1,36041.96463099,156911
2020-03-12,1583971200,7046.4,7071.0,4200.0,4392.8,5487.5,35435.17516458,136219
2020-03-11,1583884800,6978.9,7090.0,6721.5,7046.5,6907.7,6432.38408597,26907
2020-03-10,1583798400,6955.7,7181.7,6810.4,6977.6,7028.1,7608.76179795,32369
2020-03-09,1583712000,7075.8,7200.0,6675.0,6955.0,6873.7,10961.42799386,49079
2020-03-08,1583625600,7896.9,7896.9,7027.0,7075.9,7459.6,6763.37231201,34298
2020-03-07,1583539200,8116.7,8163.8,7852.2,7896.9,8003.8,1905.2099844,15363
2020-03-06,1583452800,8082.3,8151.5,7988.8,8118.3,8071.6,2957.44496872,19620
2020-03-05,1583366400,7869.7,8189.9,7869.6,8082.3,8093.6,4659.12017621,25338
2020-03-04,1583280000,7849.5,7940.0,7805.6,7872.7,7870.1,3410.0577988,21585
2020-03-03,1583193600,8007.9,8025.0,7770.1,7849.5,7889.6,4689.73542424,27680
2020-03-02,1583107200,7722.7,8068.5,7690.2,8005.7,7917.5,5758.95203055,29460
2020-03-01,1583020800,7739.2,7942.5,7622.3,7722.6,7750.9,3322.45134682,19404
2020-02-29,1582934400,7893.1,7987.8,7735.6,7736.9,7869.1,1714.27606776,16949
2020-02-28,1582848000,8014.9,8100.0,7680.2,7893.1,7858.9,6285.47086928,33990
2020-02-27,1582761600,8072.0,8183.3,7839.0,8011.0,8049.7,5946.03064338,32973
2020-02-26,1582675200,8555.7,8613.3,7939.3,8072.1,8226.2,10768.00297477,43736
2020-02-25,1582588800,8913.6,8936.7,8505.0,8555.7,8718.3,4850.99527172,26725
2020-02-24,1582502400,9199.3,9243.1,8734.5,8915.2,8963.2,4211.04466302,23924
2020-02-23,1582416000,8929.5,9233.0,8923.1,9199.3,9124.1,2160.78436194,14113
2020-02-22,1582329600,8945.4,8959.4,8829.8,8929.5,8914.8,1189.03087554,11288
2020-02-21,1582243200,8918.9,9050.0,8804.0,8945.2,8975.7,2962.34834277,19267
2020-02-20,1582156800,8893.0,8987.4,8735.0,8918.9,8888.9,4475.25302262,25998
2020-02-19,1582070400,9430.2,9549.1,8680.0,8896.2,9218.1,5964.14745673,32869
2020-02-18,1581984000,8963.4,9512.0,8911.1,9432.3,9152.0,6413.75577076,30304
2020-02-17,1581897600,9167.4,9195.0,8740.4,8957.1,8942.6,6342.84042325,28476
2020-02-16,1581811200,9164.2,9291.6,8913.2,9167.4,9095.6,2993.81380804,20915
2020-02-15,1581724800,9574.9,9589.9,9083.6,9164.2,9290.0,4083.65884621,25912
2020-02-14,1581638400,9451.4,9592.5,9334.1,9571.4,9478.5,3919.03064082,22636
2020-02-13,1581552000,9528.6,9677.1,9270.0,9451.3,9463.4,7064.88517304,34418
2020-02-12,1581465600,9401.5,9599.0,9382.1,9526.5,9494.8,4846.56167458,30822
2020-02-11,1581379200,9029.8,9495.0,8891.4,9401.8,9203.4,6111.65763785,31814
2020-02-10,1581292800,9287.1,9309.9,8921.0,9029.8,9038.3,5234.57097742,27170
2020-02-09,1581206400,9056.7,9291.6,9031.3,9288.1,9212.2,3573.26389099,22130
2020-02-08,1581120000,8962.2,9093.1,8832.3,9058.4,8992.2,2602.28356241,17571
2020-02-07,1581033600,8882.3,9018.9,8860.0,8970.0,8934.9,3786.36701597,22687
2020-02-06,1580947200,8729.9,8956.0,8660.1,8882.3,8848.7,4929.06961022,26920
2020-02-05,1580860800,8307.7,8860.1,8295.7,8729.9,8612.8,5986.69637804,30979
2020-02-04,1580774400,8406.2,8449.8,8210.5,8307.9,8311.9,3817.40731532,22507
2020-02-03,1580688000,8411.0,8650.0,8350.0,8406.2,8443.2,3402.1271029,22226
2020-02-02,1580601600,8459.3,8530.0,8250.0,8411.0,8447.3,2313.03102544,15320
2020-02-01,1580515200,8414.0,8525.0,8380.0,8459.3,8447.3,1412.42665783,11126
2020-01-31,1580428800,8609.0,8624.4,8325.4,8414.0,8437.4,4733.76255872,23513
2020-01-30,1580342400,8429.8,8671.9,8324.2,8609.0,8523.3,5110.85482259,27031
2020-01-29,1580256000,8518.3,8563.7,8381.6,8429.8,8476.2,4789.81889108,27776
2020-01-28,1580169600,8064.3,8530.0,7588.8,8520.0,8201.4,8003.30463554,37287
2020-01-27,1580083200,7796.7,8137.5,7761.3,8064.3,7946.4,4882.99089086,25865
2020-01-26,1579996800,7566.3,7799.0,7526.9,7796.7,7694.1,2322.71310513,15367
2020-01-25,1579910400,7642.0,7652.8,7501.1,7566.3,7567.5,1711.55530359,11978
2020-01-24,1579824000,7596.2,7723.0,7460.2,7642.0,7611.2,4486.57111257,20035
2020-01-23,1579737600,7810.0,7814.0,7480.0,7596.2,7589.2,4620.70241897,23657
2020-01-22,1579651200,7870.1,7935.0,7738.8,7810.0,7817.8,2332.55502173,13252
2020-01-21,1579564800,7791.1,7913.5,7650.0,7870.1,7794.7,3809.85256942,18216
2020-01-20,1579478400,7848.0,7880.1,7678.3,7791.1,7795.4,4188.16328655,19543
2020-01-19,1579392000,8029.9,8267.3,7635.0,7848.0,7936.9,6373.2680877,26427
2020-01-18,1579305600,8020.4,8086.0,7950.0,8029.9,8023.3,2024.08290938,13791
2020-01-17,1579219200,7828.3,8100.5,7785.5,8020.4,7997.5,6120.8925723,28803
2020-01-16,1579132800,7903.0,7940.0,7710.7,7828.7,7787.8,4043.27783323,22186
2020-01-15,1579046400,7924.1,7985.0,7700.0,7912.3,7864.9,7271.36019458,34090
2020-01-14,1578960000,7290.1,7979.9,7290.1,7928.5,7734.5,9515.22376728,41857
2020-01-13,1578873600,7347.9,7360.0,7237.6,7290.1,7285.0,3520.69242251,14726
2020-01-12,1578787200,7216.8,7350.0,7165.0,7347.9,7295.7,1730.36177767,10657
2020-01-11,1578700800,7361.0,7438.9,7203.0,7216.8,7308.6,2904.83091011,15860
2020-01-10,1578614400,7037.9,7361.0,6930.0,7361.0,7145.0,5658.7750052,24358
2020-01-09,1578528000,7248.3,7248.9,6980.4,7038.5,7106.2,4511.03996199,21184
2020-01-08,1578441600,7317.6,7681.5,7081.0,7246.6,7405.6,9410.69510272,35800
2020-01-07,1578355200,6937.2,7365.2,6937.2,7317.6,7131.8,7642.06925913,31427
2020-01-06,1578268800,6588.0,6963.1,6580.0,6940.0,6770.3,4812.21147385,21557
2020-01-05,1578182400,6589.4,6711.1,6553.3,6588.0,6655.0,2166.01735854,13584
2020-01-04,1578096000,6569.8,6622.9,6522.5,6589.4,6566.9,1660.05091256,12016
2020-01-03,1578009600,6219.2,6629.3,6142.6,6569.9,6498.0,5184.96922953,23838
2020-01-02,1577923200,6399.0,6406.4,6201.0,6219.2,6318.9,3539.82960821,18744
2020-01-01,1577836800,6399.5,6465.0,6380.0,6401.1,6425.5,1462.76306278,9875
2019-12-31,1577750400,6449.8,6511.5,6335.3,6397.4,6425.9,3275.82693101,15199
2019-12-30,1577664000,6606.7,6606.7,6430.1,6449.8,6509.9,3563.10859204,17454
2019-12-29,1577577600,6536.6,6741.5,6519.4,6606.7,6610.8,2333.99676116,13283
2019-12-28,1577491200,6485.0,6584.8,6473.2,6536.7,6538.7,1739.18840462,12176
2019-12-27,1577404800,6489.9,6507.3,6351.0,6485.0,6443.3,3098.12258174,16925
2019-12-26,1577318400,6481.7,6688.1,6445.3,6489.9,6538.6,2534.76681887,12590
2019-12-25,1577232000,6547.6,6561.3,6414.8,6482.4,6483.6,3751.62813451,13380
2019-12-24,1577145600,6604.5,6735.2,6466.7,6547.6,6601.3,2885.51953247,15442
2019-12-23,1577059200,6788.0,6937.1,6559.1,6604.5,6770.0,6384.22573532,23675
2019-12-22,1576972800,6455.6,6794.7,6438.5,6785.7,6618.8,2870.27576433,15033
2019-12-21,1576886400,6500.5,6500.6,6433.6,6455.6,6458.2,1050.63065624,10763
2019-12-20,1576800000,6432.0,6521.2,6370.2,6500.5,6455.3,3425.76335927,16399
2019-12-19,1576713600,6557.0,6630.7,6327.7,6432.0,6440.1,4178.26175037,17698
2019-12-18,1576627200,5925.7,6711.1,5801.0,6557.0,6148.2,9390.41133197,34992
2019-12-17,1576540800,6182.1,6222.5,5859.0,5925.7,6046.2,6248.58350779,28840
2019-12-16,1576454400,6390.1,6401.9,6135.0,6182.1,6277.7,5034.52288562,21789
2019-12-15,1576368000,6351.3,6485.1,6307.8,6390.1,6385.5,2146.92523081,12386
2019-12-14,1576281600,6523.2,6538.1,6305.0,6351.3,6412.2,1678.74610064,11430
2019-12-13,1576195200,6431.8,6556.6,6431.8,6524.8,6489.6,3065.72401073,12583
2019-12-12,1576108800,6478.4,6555.0,6359.8,6431.8,6447.8,4113.68855273,16373
2019-12-11,1576022400,6515.3,6569.8,6444.0,6478.4,6510.7,3018.43240741,13688
2019-12-10,1575936000,6635.0,6686.0,6463.0,6515.3,6576.8,3990.27760447,17533
2019-12-09,1575849600,6803.2,6931.6,6588.8,6635.0,6737.8,4444.28139829,17228
2019-12-08,1575763200,6778.6,6848.0,6680.2,6803.7,6790.0,1475.94873177,10305
2019-12-07,1575676800,6828.1,6885.0,6765.7,6778.6,6808.5,1608.44200262,10397
2019-12-06,1575590400,6660.0,6869.9,6587.8,6828.1,6701.3,3693.01556513,16503
2019-12-05,1575504000,6493.4,6752.9,6456.8,6659.5,6633.3,3928.53337409,18248
2019-12-04,1575417600,6590.1,7047.9,6411.1,6493.2,6631.1,6265.88677185,24403
2019-12-03,1575331200,6602.7,6691.9,6538.7,6590.1,6605.4,3083.29517508,14443
2019-12-02,1575244800,6724.8,6753.5,6501.0,6602.7,6609.1,3829.75969723,16797
2019-12-01,1575158400,6867.6,6867.6,6582.3,6724.8,6684.3,3530.3224886,16152
2019-11-30,1575072000,7042.7,7100.9,6783.1,6867.6,6929.2,2085.56062297,14475
2019-11-29,1574985600,6760.6,7144.1,6748.0,7042.6,6971.5,4830.0936168,21252
2019-11-28,1574899200,6849.6,6967.9,6711.0,6760.6,6845.1,3981.91255995,19017
2019-11-27,1574812800,6513.4,6980.0,6245.2,6849.6,6619.3,7564.75077922,28284
2019-11-26,1574726400,6477.9,6672.0,6376.1,6513.4,6483.7,4399.18295558,19419
2019-11-25,1574640000,6275.7,6718.8,5950.0,6477.9,6319.0,9544.97338393,33607
2019-11-24,1574553600,6659.8,6670.0,6232.9,6275.7,6438.0,3114.45171114,14049
2019-11-23,1574467200,6626.6,6686.3,6466.4,6659.8,6594.3,2203.11551223,13827
2019-11-22,1574380800,6892.9,6992.9,6153.4,6626.6,6534.6,11066.73096174,40906
2019-11-21,1574294400,7297.2,7327.2,6712.0,6892.9,6994.8,5987.29083791,26002
2019-11-20,1574208000,7341.9,7432.5,7265.5,7297.6,7324.8,2927.30652354,14963
2019-11-19,1574121600,7395.0,7412.8,7234.4,7341.9,7322.7,3433.50320244,17707
2019-11-18,1574035200,7695.9,7698.2,7258.0,7395.0,7525.4,4256.12939765,21278
2019-11-17,1573948800,7687.8,7799.9,7600.0,7695.9,7720.4,1503.72653597,10212
2019-11-16,1573862400,7668.3,7735.6,7642.9,7687.8,7681.0,971.06047016,8339
2019-11-15,1573776000,7833.2,7963.9,7600.0,7668.3,7759.5,4455.20496368,19856
2019-11-14,1573689600,7966.0,7979.9,7795.4,7834.2,7855.8,2916.28897654,16619
2019-11-13,1573603200,7999.9,8025.0,7909.0,7963.7,7964.9,2346.52696984,13587
2019-11-12,1573516800,7906.4,8059.1,7800.0,7999.9,7924.8,3296.19083535,16304
2019-11-11,1573430400,8200.8,8234.2,7809.3,7906.4,7937.4,3864.49976397,17202
2019-11-10,1573344000,8000.2,8284.0,7950.5,8200.8,8138.7,1956.42329646,11977
2019-11-09,1573257600,7961.1,8064.3,7882.5,8000.2,7985.0,1400.85114177,10139
2019-11-08,1573171200,8329.9,8362.2,7871.1,7961.1,8084.7,5138.16431523,22883
2019-11-07,1573084800,8447.3,8465.0,8200.0,8329.9,8333.0,2846.91062673,17811
2019-11-06,1572998400,8412.9,8520.0,8376.0,8447.3,8439.1,2546.48046197,14876
2019-11-05,1572912000,8458.6,8524.9,8245.0,8405.6,8394.9,3432.27373301,18575
2019-11-04,1572825600,8252.0,8599.0,8186.1,8458.6,8359.9,3386.5598735,17971
2019-11-03,1572739200,8333.6,8403.7,8139.0,8252.0,8235.1,1891.29511517,11456
2019-11-02,1572652800,8292.1,8400.0,8251.0,8333.5,8329.6,1429.61124923,10672
2019-11-01,1572566400,8208.1,8336.0,8123.1,8290.7,8221.5,2795.88931791,14573
2019-10-31,1572480000,8224.5,8450.0,8030.5,8208.1,8239.1,3821.26895032,19685
2019-10-30,1572393600,8488.5,8517.8,8104.4,8224.5,8246.1,4528.62356717,19559
2019-10-29,1572307200,8305.8,8599.0,8180.0,8487.0,8452.2,4156.64248737,19882
2019-10-28,1572220800,8605.0,8949.8,8272.4,8302.2,8504.8,4977.9991854,23681
2019-10-27,1572134400,8335.3,8842.3,8203.0,8605.0,8557.1,4741.26007963,23238
2019-10-26,1572048000,7811.5,9388.8,7796.2,8335.3,8487.0,11783.88618796,50160
2019-10-25,1571961600,6701.0,7913.0,6670.0,7811.5,7300.3,8497.92663067,32008
2019-10-24,1571875200,6726.4,6769.9,6619.5,6701.0,6703.3,2983.42273609,14731
2019-10-23,1571788800,7217.1,7241.9,6600.0,6723.1,6873.2,8204.84514871,29693
2019-10-22,1571702400,7371.2,7460.0,7195.9,7217.1,7373.9,3575.83820306,15086
2019-10-21,1571616000,7378.9,7490.0,7311.3,7371.2,7378.6,3075.83728421,14668
2019-10-20,1571529600,7132.6,7488.0,7070.0,7378.9,7289.6,2561.50046257,12835
2019-10-19,1571443200,7129.7,7249.0,7060.5,7132.6,7142.1,1913.3999302,12064
2019-10-18,1571356800,7266.1,7299.9,7050.0,7129.7,7131.9,3905.96022273,16423
2019-10-17,1571270400,7225.8,7319.7,7181.0,7267.2,7258.2,3762.90711082,15409
2019-10-16,1571184000,7400.0,7417.6,7161.6,7225.8,7270.4,3837.50141277,18403
2019-10-15,1571097600,7576.9,7647.9,7350.1,7400.0,7489.4,3505.12914891,15429
2019-10-14,1571011200,7525.0,7627.9,7470.0,7576.1,7543.8,2415.60774193,13998
2019-10-13,1570924800,7532.5,7682.0,7370.0,7525.0,7558.3,1831.00502073,11868
2019-10-12,1570838400,7493.2,7629.8,7488.3,7532.5,7571.2,1331.48997016,9729
2019-10-11,1570752000,7809.2,8000.0,7451.0,7493.2,7634.9,4694.10913496,20806
2019-10-10,1570665600,7813.3,7866.5,7677.0,7809.2,7768.6,3565.72109859,17016
2019-10-09,1570579200,7472.6,7900.0,7405.1,7813.3,7682.3,4651.48388194,20840
2019-10-08,1570492800,7484.2,7595.0,7405.1,7477.5,7477.0,2851.85946245,15606
2019-10-07,1570406400,7170.1,7574.8,7085.0,7484.2,7375.3,5562.48593536,24897
2019-10-06,1570320000,7420.0,7448.0,7108.0,7170.1,7252.8,3208.84484353,20956
2019-10-05,1570233600,7445.0,7470.7,7315.3,7420.0,7385.3,2004.69792901,11939
2019-10-04,1570147200,7515.2,7521.3,7325.0,7445.0,7430.4,2619.91916818,14646
2019-10-03,1570060800,7658.6,7688.5,7364.8,7515.2,7494.2,3103.76667003,16549
2019-10-02,1569974400,7618.5,7664.3,7470.6,7658.3,7553.6,3197.53887277,16894
2019-10-01,1569888000,7619.0,7820.0,7530.6,7618.5,7687.6,4488.95053182,21786
2019-09-30,1569801600,7369.7,7665.0,7061.0,7619.0,7411.1,6715.54290834,27022
2019-09-29,1569715200,7522.2,7539.6,7237.6,7369.7,7350.5,2501.96593018,15352
2019-09-28,1569628800,7498.4,7644.4,7355.5,7522.2,7465.1,2522.7428542,15649
2019-09-27,1569542400,7382.2,7591.5,7183.2,7498.4,7368.0,5647.36471317,24344
2019-09-26,1569456000,7718.8,7774.0,7051.7,7382.2,7464.6,8193.58699035,34131
2019-09-25,1569369600,7763.0,7963.0,7474.9,7715.7,7681.0,8047.62203489,35117
2019-09-24,1569283200,8830.0,8918.4,7314.0,7761.7,8125.9,15291.0178743,62028
2019-09-23,1569196800,9117.0,9131.0,8765.4,8830.0,8974.7,4010.04126273,21636
2019-09-22,1569110400,9065.3,9160.0,8952.4,9118.3,9067.6,1425.95903424,10892
2019-09-21,1569024000,9230.9,9233.9,9018.7,9065.3,9092.9,1592.30068125,11514
2019-09-20,1568937600,9306.0,9329.9,9165.0,9230.9,9225.2,2433.44998833,15554
2019-09-19,1568851200,9222.4,9370.1,8750.0,9306.0,9017.3,5595.80063174,27718
2019-09-18,1568764800,9213.4,9269.5,9141.3,9222.4,9232.1,2621.90342071,17049
2019-09-17,1568678400,9328.7,9328.7,9204.6,9213.4,9260.7,2637.06023715,17990
2019-09-16,1568592000,9314.1,9398.2,9160.0,9328.7,9285.2,3683.57687581,17728
2019-09-15,1568505600,9356.9,9379.2,9273.3,9314.1,9318.0,910.83901883,9410
2019-09-14,1568419200,9351.8,9427.4,9248.9,9359.7,9344.1,1309.5427932,10924
2019-09-13,1568332800,9440.4,9445.0,9198.0,9351.8,9310.0,2956.54491636,15366
2019-09-12,1568246400,9232.4,9455.0,9125.6,9440.3,9299.9,3829.24978989,18661
2019-09-11,1568160000,9149.7,9254.0,8980.0,9232.4,9129.6,3747.47405839,18247
2019-09-10,1568073600,9348.3,9421.2,9000.8,9150.5,9214.6,3455.30933766,16317
2019-09-09,1567987200,9456.6,9550.0,9129.3,9349.3,9326.0,3654.17619244,19421
2019-09-08,1567900800,9498.4,9600.0,9299.7,9456.6,9454.8,1835.53451626,11585
2019-09-07,1567814400,9344.7,9580.0,9341.3,9498.4,9457.6,1674.20206489,12046
2019-09-06,1567728000,9590.1,9927.6,9259.0,9346.4,9640.1,6004.76142856,26551
2019-09-05,1567641600,9584.4,9657.0,9480.0,9590.1,9576.7,2764.59474973,16139
2019-09-04,1567555200,9690.8,9819.6,9423.3,9584.4,9594.6,4754.40129461,21228
2019-09-03,1567468800,9477.2,9830.0,9360.2,9690.8,9617.0,5842.79782728,25788
2019-09-02,1567382400,8889.5,9544.0,8882.6,9477.2,9153.7,4913.28004002,23219
2019-09-01,1567296000,8761.3,8986.7,8700.0,8887.8,8801.5,1571.72034883,10712
2019-08-31,1567209600,8727.1,8820.0,8600.5,8761.3,8731.9,1183.51058213,10925
2019-08-30,1567123200,8589.7,8844.7,8463.2,8727.1,8687.9,3416.14673314,18074
2019-08-29,1567036800,8780.5,8780.5,8420.0,8589.7,8573.6,5258.92696761,25665
2019-08-28,1566950400,9169.0,9284.0,8639.6,8780.5,8967.9,5046.48702028,24629
2019-08-27,1566864000,9333.9,9342.8,9039.4,9169.0,9149.5,2776.99043571,15791
2019-08-26,1566777600,9104.9,9563.0,9104.9,9333.9,9322.8,3952.49249042,19459
2019-08-25,1566691200,9109.8,9290.0,8906.9,9104.8,9065.2,2107.79043914,14553
2019-08-24,1566604800,9338.0,9362.2,8898.0,9109.8,9068.4,2570.25188521,17560
2019-08-23,1566518400,9123.8,9418.2,9065.4,9338.0,9276.0,3098.9997089,19453
2019-08-22,1566432000,9139.9,9242.0,8818.0,9123.8,9049.4,3902.06389022,18846
2019-08-21,1566345600,9699.3,9729.9,8888.0,9140.0,9134.2,6020.44569831,28797
2019-08-20,1566259200,9861.5,9883.0,9521.5,9699.3,9683.5,3321.50129775,18640
2019-08-19,1566172800,9312.9,9866.0,9271.0,9861.5,9628.9,3761.60014394,21003
2019-08-18,1566086400,9211.4,9470.9,9090.8,9312.9,9333.5,1634.76773202,12927
2019-08-17,1566000000,9333.7,9450.0,9019.0,9211.4,9244.8,2229.94981555,14466
2019-08-16,1565913600,9280.0,9500.9,8791.8,9333.7,9167.3,5827.29181185,27059
2019-08-15,1565827200,8997.0,9415.0,8520.2,9280.0,8973.2,9641.55802751,37878
2019-08-14,1565740800,9723.3,9723.3,8901.0,8997.0,9316.7,6560.18027472,31573
2019-08-13,1565654400,10154.9,10210.0,9609.7,9723.3,9868.8,4380.66981763,20551
2019-08-12,1565568000,10308.6,10312.1,10055.1,10154.9,10163.5,2234.10097172,14260
2019-08-11,1565481600,10097.3,10344.3,9908.9,10308.6,10154.9,2178.82444142,14579
2019-08-10,1565395200,10589.2,10682.0,10045.0,10097.3,10236.2,3447.28087713,19780
2019-08-09,1565308800,10711.2,10761.6,10407.6,10590.5,10552.0,3914.08308207,22315
2019-08-08,1565222400,10670.0,10767.7,10252.0,10711.3,10506.4,4142.81648168,29371
2019-08-07,1565136000,10228.7,10810.0,10137.9,10670.0,10495.3,6316.57649945,33428
2019-08-06,1565049600,10488.2,10987.4,10013.1,10228.7,10519.3,6927.44709371,37823
2019-08-05,1564963200,9870.4,10677.9,9870.4,10487.9,10449.3,6891.30468844,40009
2019-08-04,1564876800,9720.2,9960.0,9450.0,9870.4,9748.6,2610.50154135,19728
2019-08-03,1564790400,9472.6,9813.3,9457.5,9720.2,9706.9,2311.87458917,16616
2019-08-02,1564704000,9385.0,9599.0,9165.0,9472.6,9442.0,4086.22619387,25817
2019-08-01,1564617600,9100.4,9444.0,8935.7,9379.1,9145.1,4150.59971834,21297
2019-07-31,1564531200,8593.3,9110.0,8578.5,9100.4,8873.5,5190.06057992,21549
2019-07-30,1564444800,8521.5,8729.0,8416.3,8593.3,8586.8,3956.35599319,18856
2019-07-29,1564358400,8578.0,8746.0,8421.0,8521.5,8549.0,5267.47805162,17871
2019-07-28,1564272000,8521.8,8649.9,8222.2,8577.5,8484.7,2461.39214064,15986
2019-07-27,1564185600,8845.8,9175.5,8401.0,8521.8,8684.2,4817.03160171,21252
2019-07-26,1564099200,8870.1,8890.0,8674.9,8846.5,8791.8,3885.91134887,17622
2019-07-25,1564012800,8780.0,9149.0,8753.4,8870.1,9006.9,3862.88999672,18839
2019-07-24,1563926400,8841.4,8919.9,8556.0,8780.0,8723.7,5876.84445835,26525
2019-07-23,1563840000,9228.9,9228.9,8812.0,8850.7,8978.6,5912.75374131,24173
2019-07-22,1563753600,9448.9,9536.5,8980.6,9228.9,9244.5,4766.65803309,22830
2019-07-21,1563667200,9607.5,9671.8,9212.5,9448.9,9408.5,3079.521946,18292
2019-07-20,1563580800,9395.2,9900.0,9241.0,9607.5,9568.7,3928.99870368,20285
2019-07-19,1563494400,9445.0,9583.6,9040.0,9395.2,9282.9,5750.61976509,26003
2019-07-18,1563408000,8644.4,9611.5,8275.6,9445.0,9002.2,9541.83362326,39591
2019-07-17,1563321600,8404.0,8905.0,8102.2,8644.4,8527.9,10662.13143636,42589
2019-07-16,1563235200,9651.0,9808.7,8350.9,8404.0,8992.8,11027.05997492,47694
2019-07-15,1563148800,9456.1,9848.9,8800.0,9633.6,9284.4,8294.75122988,38175
2019-07-14,1563062400,10125.0,11245.6,9199.0,9456.1,9537.2,5364.11790971,25709
2019-07-13,1562976000,10484.8,10514.3,9612.0,10125.0,10027.2,5636.85962482,25853
2019-07-12,1562889600,10088.3,10600.0,9850.0,10484.8,10318.0,5716.39969649,25798
2019-07-11,1562803200,10760.1,10760.1,9793.8,10091.4,10242.8,11940.65344846,48957
2019-07-10,1562716800,11221.3,11737.8,10280.0,10760.1,11158.2,13485.92211596,56837
2019-07-09,1562630400,10975.0,11465.0,10627.0,11221.3,11163.3,10253.59116717,43707
2019-07-08,1562544000,10219.9,11063.1,10086.8,10975.0,10663.4,7626.69020765,35892
2019-07-07,1562457600,10017.8,10345.0,9856.5,10219.9,10119.1,3762.70414877,18725
2019-07-06,1562371200,9819.9,10422.0,9802.6,10017.8,10164.0,4947.9846053,23046
2019-07-05,1562284800,9898.6,10210.1,9593.2,9819.9,9897.0,7329.71655763,34567
2019-07-04,1562198400,10608.8,10670.0,9832.0,9901.6,10379.4,8206.31335923,38607
2019-07-03,1562112000,9589.0,10650.0,9589.0,10609.8,10084.1,13006.35034092,53253
2019-07-02,1562025600,9374.3,9700.0,8556.0,9589.0,9083.8,15025.94399699,57411
2019-07-01,1561939200,9452.5,9877.5,8807.0,9374.3,9309.0,12167.07128476,46964
2019-06-30,1561852800,10441.4,10720.0,9385.0,9452.5,9968.2,8033.61181554,37145
2019-06-29,1561766400,10876.9,10877.3,9950.1,10441.4,10417.2,7195.61261208,34180
2019-06-28,1561680000,9801.4,10939.9,9450.1,10876.9,10325.6,12489.54073421,51470
2019-06-27,1561593600,11127.2,11386.9,9050.0,9801.4,10015.7,19687.64996845,92884
2019-06-26,1561507200,10336.6,12060.0,10150.0,11127.2,11164.2,22612.65468343,114218
2019-06-25,1561420800,9668.0,10378.6,9653.2,10336.6,9973.8,11338.10609574,48872
2019-06-24,1561334400,9484.7,9734.8,9250.9,9668.0,9555.4,6361.78522565,29872
2019-06-23,1561248000,9363.9,9869.0,9190.5,9484.7,9483.3,6001.56989588,37115
2019-06-22,1561161600,8975.0,9881.7,8645.0,9363.9,9403.8,12366.79698998,58754
2019-06-21,1561075200,8440.0,8979.8,8439.9,8970.9,8684.8,8625.57366796,45527
2019-06-20,1560988800,8256.3,8510.0,8168.0,8440.0,8334.5,5947.2987582,26669
2019-06-19,1560902400,8109.4,8289.0,8061.9,8256.3,8163.5,4136.63512506,20152
2019-06-18,1560816000,8316.0,8337.4,7922.7,8109.4,8131.7,7083.78131178,28920
2019-06-17,1560729600,8007.0,8444.0,7998.7,8316.0,8251.9,6969.16189292,30697
2019-06-16,1560643200,7895.8,8380.2,7836.5,8007.0,8111.4,8853.93625699,38988
2019-06-15,1560556800,7764.6,7930.0,7700.0,7902.3,7801.5,3951.81218925,19228
2019-06-14,1560470400,7310.8,7797.0,7270.0,7765.1,7506.5,5317.49539473,24353
2019-06-13,1560384000,7241.6,7395.0,7150.0,7311.6,7261.5,4314.13551992,20225
2019-06-12,1560297600,6993.0,7311.0,6920.0,7241.6,7130.3,5908.14838255,23031
2019-06-11,1560211200,7088.4,7119.9,6804.4,6993.0,6962.4,5020.19545091,19719
2019-06-10,1560124800,6772.6,7153.3,6656.0,7088.4,6958.4,5858.82667856,22310
2019-06-09,1560038400,7015.3,7035.8,6659.0,6772.7,6846.3,2962.36447302,16021
2019-06-08,1559952000,7070.1,7120.0,6883.3,7015.3,7001.6,2756.96894857,14183
2019-06-07,1559865600,6925.7,7178.0,6884.0,7070.1,7054.3,5887.41413123,25046
2019-06-06,1559779200,6939.5,7009.8,6601.0,6925.7,6843.8,5489.72642836,24900
2019-06-05,1559692800,6825.9,7054.3,6736.9,6939.2,6906.9,6402.41709445,29037
2019-06-04,1559606400,7224.5,7224.5,6600.0,6825.9,6957.3,12822.16962301,46526
2019-06-03,1559520000,7828.0,7833.4,7114.4,7219.9,7539.2,6947.9261091,32340
2019-06-02,1559433600,7665.8,7912.0,7660.0,7829.9,7796.9,3082.17318966,19103
2019-06-01,1559347200,7677.8,7724.1,7564.3,7665.8,7652.7,2195.56063451,16272
2019-05-31,1559260800,7444.8,7700.0,7263.8,7677.8,7511.8,6308.51129226,31204
2019-05-30,1559174400,7781.1,8145.0,7217.7,7445.0,7699.7,10978.45475578,49343
2019-05-29,1559088000,7808.6,7869.9,7559.0,7781.1,7750.1,5508.20131861,28502
2019-05-28,1559001600,7844.9,7882.3,7642.0,7808.6,7793.4,5272.19609042,25140
2019-05-27,1558915200,7804.3,7990.7,7739.2,7844.9,7856.1,7420.10938293,34327
2019-05-26,1558828800,7212.5,7868.2,7075.0,7804.5,7538.5,8188.64103087,39283
2019-05-25,1558742400,7138.3,7286.1,7100.0,7212.5,7192.7,2551.00335516,16342
2019-05-24,1558656000,7045.6,7300.0,6966.4,7139.3,7170.3,5606.33665745,25936
2019-05-23,1558569600,6843.6,7149.0,6725.0,7045.6,6923.9,6680.7171626,27434
2019-05-22,1558483200,7133.9,7210.0,6731.5,6843.6,7031.4,6836.74447227,30907
2019-05-21,1558396800,7171.2,7267.3,7026.0,7134.7,7138.3,5728.36106653,28106
2019-05-20,1558310400,7345.2,7346.7,6801.0,7171.2,7072.2,8694.41453755,38499
2019-05-19,1558224000,6536.2,7430.0,6533.0,7344.0,7141.1,8177.14859746,38159
2019-05-18,1558137600,6601.0,6742.3,6496.5,6536.2,6608.4,4133.38808098,23473
2019-05-17,1558051200,7051.1,7100.0,6050.0,6600.8,6463.4,14812.6888048,57603
2019-05-16,1557964800,7312.0,7456.0,6840.0,7051.1,7109.1,9365.82640522,45000
2019-05-15,1557878400,7125.2,7389.0,6993.0,7312.0,7185.1,7551.69771764,36962
2019-05-14,1557792000,6936.1,7439.2,6808.0,7125.2,7128.0,14006.05686026,69283
2019-05-13,1557705600,6199.7,7250.0,6110.5,6936.1,6794.8,15411.45268158,63217
2019-05-12,1557619200,6321.1,6746.0,6002.0,6199.7,6339.2,13343.23889223,56514
2019-05-11,1557532800,5649.1,6555.0,5645.7,6322.0,6126.8,11276.75835414,51040
2019-05-10,1557446400,5480.0,5732.4,5440.1,5651.8,5612.3,7642.56975349,32714
2019-05-09,1557360000,5302.1,5500.0,5293.6,5480.0,5399.1,6243.28293725,27118
2019-05-08,1557273600,5137.9,5345.0,5075.0,5302.1,5224.9,4407.20981854,21120
2019-05-07,1557187200,5078.5,5330.0,5077.3,5137.9,5240.9,6779.28809234,28772
2019-05-06,1557100800,5112.3,5133.2,4982.0,5078.5,5053.3,4269.14484234,22273
2019-05-05,1557014400,5150.4,5173.4,5026.9,5112.3,5105.7,2351.21465155,15055
2019-05-04,1556928000,5048.1,5228.0,4926.0,5150.4,5088.5,4195.47729594,22977
2019-05-03,1556841600,4822.5,5183.0,4804.0,5048.1,5058.5,8880.51767421,31470
2019-05-02,1556755200,4749.7,4849.9,4736.8,4822.5,4799.4,3928.10178368,20412
2019-05-01,1556668800,4704.7,4759.9,4700.0,4755.9,4729.7,2598.21859651,15890
2019-04-30,1556582400,4605.3,4721.5,4586.2,4701.6,4657.9,4399.96268607,19702
2019-04-29,1556496000,4628.6,4654.9,4556.9,4605.3,4614.5,4087.5428485,18640
2019-04-28,1556409600,4655.8,4694.9,4582.7,4628.6,4646.1,1994.76171904,13399
2019-04-27,1556323200,4627.3,4691.9,4593.7,4655.8,4645.4,2163.31932416,12409
2019-04-26,1556236800,4620.6,4749.8,4523.2,4627.3,4631.0,7021.19547273,24731
2019-04-25,1556150400,4886.0,4959.0,4500.0,4620.6,4806.4,6682.92364762,26613
2019-04-24,1556064000,4928.2,5019.7,4819.4,4886.0,4899.3,6502.79759644,27315
2019-04-23,1555977600,4784.6,5014.5,4771.5,4928.2,4945.4,6646.6512058,28046
2019-04-22,1555891200,4716.1,4838.2,4680.6,4784.6,4755.7,2955.5210135,16191
2019-04-21,1555804800,4735.0,4752.0,4651.2,4716.1,4702.9,1497.79057827,11954
2019-04-20,1555718400,4706.7,4765.0,4680.0,4735.0,4731.8,1774.87463833,12548
2019-04-19,1555632000,4699.9,4767.0,4630.1,4706.7,4693.1,2689.23012216,15160
2019-04-18,1555545600,4628.1,4739.0,4625.6,4699.9,4678.2,4159.25939334,20162
2019-04-17,1555459200,4613.4,4667.4,4594.7,4628.1,4621.1,3385.56983936,15527
2019-04-16,1555372800,4458.0,4655.5,4450.7,4613.0,4532.7,5030.43967356,17924
2019-04-15,1555286400,4567.0,4588.7,4382.8,4461.0,4519.6,5012.72964047,20425
2019-04-14,1555200000,4500.3,4588.7,4452.7,4567.0,4513.5,1867.40001219,14501
2019-04-13,1555113600,4500.0,4536.8,4475.2,4500.3,4509.2,1587.90246222,16040
2019-04-12,1555027200,4487.7,4532.5,4380.0,4500.0,4474.5,4351.01789377,17918
2019-04-11,1554940800,4726.8,4746.9,4402.2,4488.0,4538.1,7336.64904595,26929
2019-04-10,1554854400,4614.3,4850.0,4593.3,4726.8,4710.4,6833.42934475,23734
2019-04-09,1554768000,4692.5,4702.9,4580.1,4614.3,4634.4,5152.96072594,20797
2019-04-08,1554681600,4636.6,4770.0,4562.2,4692.5,4660.8,6818.99097094,29390
2019-04-07,1554595200,4500.6,4698.3,4488.9,4636.6,4595.0,3288.50488325,19129
2019-04-06,1554508800,4490.5,4675.0,4364.7,4500.6,4528.5,4486.53017297,21252
2019-04-05,1554422400,4368.5,4531.0,4349.6,4490.5,4450.7,5296.27918577,23543
2019-04-04,1554336000,4423.9,4516.4,4244.1,4368.5,4413.5,7920.72811358,31547
2019-04-03,1554249600,4374.2,4771.4,4295.8,4423.9,4501.2,13289.79690115,49365
2019-04-02,1554163200,3697.6,4565.0,3691.0,4374.2,4217.3,15610.30585952,46571
2019-04-01,1554076800,3646.2,3705.1,3610.2,3697.5,3676.4,5028.73316611,20604
2019-03-31,1553990400,3646.0,3655.5,3632.5,3646.2,3645.1,1445.03801804,13337
2019-03-30,1553904000,3645.1,3678.0,3601.1,3647.0,3635.6,2214.40833819,14710
2019-03-29,1553817600,3572.0,3650.0,3560.5,3645.1,3615.0,4571.35153737,17892
2019-03-28,1553731200,3576.7,3582.6,3548.2,3572.0,3569.8,3200.32634062,13505
2019-03-27,1553644800,3481.2,3583.0,3474.8,3576.7,3552.5,5081.92413503,18142
2019-03-26,1553558400,3458.2,3484.8,3442.2,3481.2,3462.5,3671.38932946,14572
2019-03-25,1553472000,3519.9,3528.4,3412.7,3458.2,3488.0,4257.61431356,19867
2019-03-24,1553385600,3527.1,3527.1,3491.1,3517.7,3513.0,1478.50098263,9583
2019-03-23,1553299200,3528.8,3544.7,3507.5,3527.1,3524.1,1347.05228469,11066
2019-03-22,1553212800,3496.1,3548.2,3484.6,3528.4,3522.6,2452.08235636,13484
2019-03-21,1553126400,3531.3,3565.7,3450.1,3496.1,3515.4,3884.82732264,18685
2019-03-20,1553040000,3524.8,3540.2,3497.1,3531.3,3520.9,3937.75264578,15450
2019-03-19,1552953600,3505.1,3535.6,3482.9,3524.8,3509.0,3582.06082504,15050
2019-03-18,1552867200,3501.8,3543.8,3466.7,3505.1,3497.4,3800.88013799,15688
2019-03-17,1552780800,3519.7,3520.0,3474.0,3501.7,3499.4,1203.43390749,10239
2019-03-16,1552694400,3443.8,3557.3,3441.8,3519.7,3510.7,2907.247847,15409
2019-03-15,1552608000,3409.0,3452.5,3402.6,3443.8,3429.2,3601.19105755,15076
2019-03-14,1552521600,3398.8,3450.0,3353.2,3409.0,3405.4,4318.55133451,15465
2019-03-13,1552435200,3425.4,3430.1,3390.0,3397.7,3409.0,3973.0043261,14558
2019-03-12,1552348800,3422.4,3452.6,3380.0,3425.3,3423.2,3979.25636804,16136
2019-03-11,1552262400,3472.6,3480.9,3400.0,3422.4,3432.6,3634.92933594,15627
2019-03-10,1552176000,3487.8,3488.3,3446.5,3472.6,3462.7,1301.82118324,9520
2019-03-09,1552089600,3427.5,3510.0,3417.9,3487.8,3476.1,2079.32194081,11955
2019-03-08,1552003200,3443.9,3485.0,3351.8,3427.5,3450.5,3793.21899308,15682
2019-03-07,1551916800,3402.7,3464.6,3387.0,3443.9,3430.1,4178.12632489,16825
2019-03-06,1551830400,3399.9,3450.7,3372.1,3402.8,3406.0,3590.98589768,13954
2019-03-05,1551744000,3269.6,3429.0,3260.9,3399.9,3347.2,4952.980502,17703
2019-03-04,1551657600,3338.4,3353.7,3245.2,3269.6,3280.1,5154.40940544,16915
2019-03-03,1551571200,3361.7,3367.2,3317.1,3338.4,3347.4,1362.96225005,9168
2019-03-02,1551484800,3354.3,3370.7,3315.4,3361.8,3353.6,1584.38065052,10061
2019-03-01,1551398400,3340.7,3381.4,3336.8,3354.3,3359.0,3319.75656635,12272
2019-02-28,1551312000,3339.4,3420.0,3308.4,3340.7,3355.1,5373.52081225,19193
2019-02-27,1551225600,3334.0,3363.0,3223.9,3339.5,3324.3,5315.83177572,17341
2019-02-26,1551139200,3363.8,3372.5,3321.1,3334.0,3344.4,3664.88765982,12011
2019-02-25,1551052800,3298.1,3405.5,3295.8,3363.8,3349.9,4998.71883743,16601
2019-02-24,1550966400,3629.2,3690.0,3290.0,3299.1,3449.1,8826.08174918,26034
2019-02-23,1550880000,3479.1,3665.0,3454.0,3629.1,3559.3,5081.72196197,20923
2019-02-22,1550793600,3437.9,3488.0,3430.0,3479.1,3464.5,4543.06625831,17281
2019-02-21,1550707200,3478.5,3517.9,3415.5,3437.9,3448.5,3924.08257746,13504
2019-02-20,1550620800,3436.0,3492.9,3415.6,3478.5,3458.6,4004.60171718,13721
2019-02-19,1550534400,3419.8,3529.7,3395.3,3436.0,3461.9,7328.07543679,23278
2019-02-18,1550448000,3213.4,3465.1,3209.9,3419.8,3344.7,8853.22800446,28180
2019-02-17,1550361600,3177.5,3246.0,3159.0,3213.4,3191.5,2352.71559447,13026
2019-02-16,1550275200,3167.3,3199.7,3163.7,3177.5,3183.1,1859.0843411,11504
2019-02-15,1550188800,3155.1,3209.9,3152.8,3166.0,3172.2,4082.59779412,13643
2019-02-14,1550102400,3178.9,3187.2,3150.0,3155.0,3166.7,3705.08886174,13124
2019-02-13,1550016000,3171.9,3198.0,3162.0,3179.2,3174.1,3581.49706294,12953
2019-02-12,1549929600,3187.0,3198.7,3145.7,3172.2,3173.5,4064.79126345,13994
2019-02-11,1549843200,3225.4,3227.9,3166.6,3186.9,3187.5,3847.95187547,15673
2019-02-10,1549756800,3201.5,3229.0,3160.1,3225.4,3189.2,1688.77785209,9632
2019-02-09,1549670400,3194.7,3215.0,3176.6,3202.6,3196.2,2081.94865465,10337
2019-02-08,1549584000,2963.2,3269.9,2950.5,3194.7,3092.8,8093.66846115,21430
2019-02-07,1549497600,2966.0,2990.1,2952.0,2962.5,2969.3,2961.14735799,10420
2019-02-06,1549411200,3008.5,3021.0,2913.4,2966.0,2961.9,4946.8106771,15702
2019-02-05,1549324800,2989.5,3010.0,2976.2,3008.5,2999.0,3637.55029918,11478
2019-02-04,1549238400,2983.4,3000.0,2963.1,2989.5,2986.8,3582.51130962,12301
2019-02-03,1549152000,3028.6,3032.3,2959.4,2983.4,2987.3,1643.38809714,8950
2019-02-02,1549065600,3001.1,3044.9,2982.5,3028.6,3001.6,2138.63385821,9348
2019-02-01,1548979200,2979.2,3014.1,2951.5,3001.1,2984.9,4066.03297181,12973
2019-01-31,1548892800,2998.4,3025.1,2964.0,2978.7,2982.3,3881.09687978,13877
2019-01-30,1548806400,2973.4,3030.3,2955.1,2999.9,3006.5,4384.48683054,13327
2019-01-29,1548720000,3003.3,3011.5,2925.8,2973.4,2969.7,4116.25311406,12857
2019-01-28,1548633600,3096.6,3100.0,2956.0,3003.3,3004.4,6564.04711739,20863
2019-01-27,1548547200,3126.0,3130.9,3040.6,3096.6,3103.3,2236.88067069,12906
2019-01-26,1548460800,3126.5,3206.9,3112.5,3126.0,3149.9,2429.86885071,10439
2019-01-25,1548374400,3158.7,3161.1,3101.0,3126.5,3131.8,4324.66467791,13005
2019-01-24,1548288000,3126.6,3182.3,3104.8,3158.7,3142.1,3528.50066084,13890
2019-01-23,1548201600,3149.4,3188.1,3101.0,3126.6,3145.6,5194.5856818,15072
2019-01-22,1548115200,3112.7,3182.9,3030.6,3149.4,3128.7,6592.66204481,18475
2019-01-21,1548028800,3113.7,3149.0,3063.3,3112.7,3115.6,4534.12629219,13957
2019-01-20,1547942400,3245.3,3262.3,3052.4,3110.4,3143.1,4101.11347877,16156
2019-01-19,1547856000,3179.9,3344.8,3177.1,3245.3,3254.9,3672.85953583,14983
2019-01-18,1547769600,3196.5,3200.0,3154.6,3179.9,3179.0,4245.91040061,10858
2019-01-17,1547683200,3168.0,3228.9,3109.5,3196.5,3169.1,6446.85259632,16720
2019-01-16,1547596800,3149.2,3230.0,3140.2,3167.8,3175.5,5519.1983184,16794
2019-01-15,1547510400,3197.6,3214.3,3114.0,3149.2,3186.1,5364.33819173,16834
2019-01-14,1547424000,3074.0,3240.0,3068.0,3197.6,3147.6,7289.00944921,22470
2019-01-13,1547337600,3168.1,3188.0,3052.2,3074.0,3107.7,3533.37423226,14811
2019-01-12,1547251200,3174.9,3196.1,3129.9,3168.1,3172.3,2375.91687714,11797
2019-01-11,1547164800,3162.7,3235.4,3051.0,3174.9,3173.0,6768.90096994,20893
2019-01-10,1547078400,3465.2,3497.2,3105.2,3162.7,3274.3,11143.0091868,31434
2019-01-09,1546992000,3496.7,3539.9,3460.1,3465.2,3494.8,4804.19151634,17659
2019-01-08,1546905600,3498.0,3591.2,3452.2,3495.6,3519.4,7394.26558008,20630
2019-01-07,1546819200,3543.7,3565.5,3470.0,3498.0,3513.2,5422.21980894,17742
2019-01-06,1546732800,3342.7,3600.0,3306.9,3543.7,3450.0,6353.25457068,20484
2019-01-05,1546646400,3365.0,3410.9,3331.0,3342.7,3373.5,3498.52306561,13575
2019-01-04,1546560000,3331.6,3384.0,3291.9,3365.0,3329.1,5002.06187065,16573
2019-01-03,1546473600,3438.6,3446.1,3300.4,3331.6,3369.5,5843.45594351,19035
2019-01-02,1546387200,3344.9,3458.0,3294.0,3443.8,3377.2,6157.09535142,21685
2019-01-01,1546300800,3235.9,3353.6,3190.6,3345.0,3269.0,4246.02202273,15222
2018-12-31,1546214400,3366.1,3372.0,3201.3,3235.9,3291.6,6253.74643164,18146
2018-12-30,1546128000,3277.9,3395.0,3241.6,3365.4,3335.2,4040.161731,19904
2018-12-29,1546041600,3416.0,3458.0,3260.8,3278.3,3386.4,4589.22078714,19289
2018-12-28,1545955200,3152.7,3467.1,3133.0,3416.0,3294.8,8094.62363877,29518
2018-12-27,1545868800,3358.0,3382.8,3128.3,3152.7,3253.5,7183.86822113,24729
2018-12-26,1545782400,3327.9,3396.2,3247.0,3358.0,3321.6,3870.78977575,19384
2018-12-25,1545696000,3543.0,3553.3,3235.0,3327.9,3322.7,9123.76950055,29726
2018-12-24,1545609600,3478.5,3728.0,3477.3,3545.6,3626.6,11036.2027242,36582
2018-12-23,1545523200,3508.7,3589.0,3452.3,3478.5,3520.7,5563.93758555,22021
2018-12-22,1545436800,3387.0,3533.0,3345.0,3508.4,3416.4,5969.03082958,22737
2018-12-21,1545350400,3560.0,3632.6,3320.0,3387.0,3481.8,12829.98305163,40353
2018-12-20,1545264000,3237.2,3654.2,3214.2,3559.7,3497.2,16221.41715695,50171
2018-12-19,1545177600,3231.6,3454.8,3209.0,3237.2,3314.8,14693.60903606,44601
2018-12-18,1545091200,3090.4,3244.0,3027.4,3231.6,3107.6,8591.99918376,28991
2018-12-17,1545004800,2831.8,3169.8,2821.0,3090.5,3010.9,11092.30154361,33805
2018-12-16,1544918400,2821.4,2889.3,2817.4,2831.8,2853.0,3473.39429629,16017
2018-12-15,1544832000,2829.4,2861.6,2775.0,2822.6,2811.9,4526.19174496,17191
2018-12-14,1544745600,2877.6,2909.3,2780.0,2829.4,2848.7,9361.84667097,28068
2018-12-13,1544659200,3023.3,3025.9,2837.7,2877.5,2936.1,7711.3872058,25440
2018-12-12,1544572800,2959.9,3072.4,2941.9,3023.3,3013.3,6901.26789887,21480
2018-12-11,1544486400,3007.0,3027.3,2915.9,2960.4,2962.6,6397.35638805,21015
2018-12-10,1544400000,3100.0,3154.4,2965.9,3007.0,3037.0,6716.04371355,23589
2018-12-09,1544313600,2988.1,3200.0,2970.0,3100.0,3074.3,5749.71724252,22346
2018-12-08,1544227200,2978.7,3074.4,2857.7,2989.9,2968.8,7537.65788413,29500
2018-12-07,1544140800,3031.9,3117.2,2824.1,2978.7,2961.2,18471.06811029,50368
2018-12-06,1544054400,3259.3,3395.0,3023.1,3031.4,3226.0,13731.43833838,39585
2018-12-05,1543968000,3448.4,3457.6,3243.2,3259.3,3343.2,7562.19920671,25972
2018-12-04,1543881600,3383.7,3559.9,3295.2,3448.4,3448.6,6813.24695057,24117
2018-12-03,1543795200,3619.1,3634.9,3310.2,3383.7,3445.4,9305.82042328,24700
2018-12-02,1543708800,3665.5,3769.9,3568.7,3622.0,3651.6,5826.70253674,18790
2018-12-01,1543622400,3516.5,3775.7,3460.0,3665.5,3655.6,6157.80859117,24047
2018-11-30,1543536000,3729.9,3782.4,3400.9,3516.5,3552.5,10753.82509529,29636
2018-11-29,1543449600,3722.9,3897.0,3111.0,3729.9,3720.5,13310.36001194,35835
2018-11-28,1543363200,3348.1,3876.9,3348.1,3722.9,3680.4,17503.43261205,45576
2018-11-27,1543276800,3291.5,3399.8,3156.0,3348.1,3278.2,10727.03498858,30493
2018-11-26,1543190400,3475.1,3586.1,3111.0,3294.8,3338.5,16315.77532174,42359
2018-11-25,1543104000,3336.4,3631.0,3050.1,3478.2,3320.6,18261.08429147,42985
2018-11-24,1543017600,3777.0,3850.0,3223.3,3336.4,3521.1,10392.32029771,31623
2018-11-23,1542931200,3737.2,3836.7,3593.3,3777.0,3743.5,10240.88581269,31744
2018-11-22,1542844800,3984.3,4029.9,3700.0,3736.5,3892.6,8279.87644311,26904
2018-11-21,1542758400,3831.9,4053.0,3705.1,3986.8,3907.9,10893.32209087,30754
2018-11-20,1542672000,4051.8,4238.6,3513.8,3831.8,3880.1,25032.25012561,73767
2018-11-19,1542585600,4867.6,4869.3,4000.1,4051.8,4415.5,14772.41189873,47753
2018-11-18,1542499200,4820.0,4985.7,4815.9,4867.1,4861.1,2626.70735834,10610
2018-11-17,1542412800,4821.3,4849.9,4772.5,4819.8,4806.7,2067.36395066,11045
2018-11-16,1542326400,4915.6,4944.8,4740.4,4821.3,4853.9,5534.37055148,19232
2018-11-15,1542240000,4981.7,5010.0,4617.7,4915.6,4829.0,10222.84936564,37811
2018-11-14,1542153600,5550.9,5579.9,4759.1,4981.7,5127.3,13518.70941535,48391
2018-11-13,1542067200,5637.0,5637.0,5542.0,5550.9,5597.6,2781.88793118,13529
2018-11-12,1541980800,5612.9,5659.0,5612.9,5637.0,5640.3,1924.95278482,11532
2018-11-11,1541894400,5596.8,5613.0,5541.9,5612.9,5589.1,1059.362764,7153
2018-11-10,1541808000,5589.8,5627.8,5587.3,5596.8,5610.6,966.81343228,11549
2018-11-09,1541721600,5634.6,5669.9,5562.3,5589.8,5615.0,2857.69164541,16646
2018-11-08,1541635200,5689.3,5697.0,5626.8,5634.6,5658.4,1874.24884768,13438
2018-11-07,1541548800,5642.9,5725.9,5642.9,5689.3,5682.0,3042.93794064,14686
2018-11-06,1541462400,5601.0,5650.0,5595.8,5642.9,5624.0,3001.26971286,18548
2018-11-05,1541376000,5624.8,5639.9,5580.2,5601.0,5617.7,2103.87683663,13079
2018-11-04,1541289600,5555.8,5655.3,5531.6,5624.8,5601.6,1984.43517212,12632
2018-11-03,1541203200,5571.9,5579.3,5539.5,5555.8,5555.2,1192.68664927,9285
2018-11-02,1541116800,5557.1,5590.6,5538.4,5571.9,5565.9,2378.69137065,15989
2018-11-01,1541030400,5579.0,5579.8,5528.0,5557.0,5546.7,2051.4897387,10187
2018-10-31,1540944000,5533.4,5609.6,5480.8,5579.0,5543.2,2211.23975998,11900
2018-10-30,1540857600,5502.3,5549.9,5498.2,5533.4,5516.9,1788.57954446,12679
2018-10-29,1540771200,5631.2,5639.7,5420.2,5502.6,5533.8,3839.40727766,18326
2018-10-28,1540684800,5626.7,5638.0,5605.0,5631.2,5617.6,809.11949177,6129
2018-10-27,1540598400,5616.4,5638.0,5602.4,5626.7,5621.3,819.20466107,6128
2018-10-26,1540512000,5624.2,5698.7,5609.4,5616.4,5636.7,2044.77664656,13623
2018-10-25,1540425600,5629.2,5640.1,5580.3,5624.2,5618.0,2113.78155085,11094
2018-10-24,1540339200,5576.6,5658.0,5575.1,5628.5,5630.0,2695.43636875,14840
2018-10-23,1540252800,5592.3,5599.9,5560.0,5576.6,5580.4,2447.91554048,14920
2018-10-22,1540166400,5572.2,5612.4,5555.1,5592.3,5580.9,2110.5405585,11975
2018-10-21,1540080000,5580.3,5620.0,5566.3,5573.8,5599.3,1109.35407907,7926
2018-10-20,1539993600,5560.9,5597.6,5541.9,5581.8,5576.4,916.51929513,6369
2018-10-19,1539907200,5581.6,5593.4,5545.0,5561.0,5566.1,2469.10884912,9594
2018-10-18,1539820800,5607.1,5639.9,5537.3,5581.6,5593.7,2322.81211921,11084
2018-10-17,1539734400,5593.8,5625.4,5551.0,5607.1,5587.5,3086.25163483,12398
2018-10-16,1539648000,5555.8,5630.0,5529.5,5593.8,5569.1,3342.67606751,13714
2018-10-15,1539561600,5357.3,5849.9,5327.9,5555.8,5589.4,12602.88637964,37925
2018-10-14,1539475200,5387.0,5464.5,5326.0,5357.3,5399.8,1941.56247884,9877
2018-10-13,1539388800,5369.3,5404.5,5357.1,5387.0,5387.6,1342.4215614,7682
2018-10-12,1539302400,5314.9,5405.8,5276.3,5369.3,5370.6,2973.93026567,19785
2018-10-11,1539216000,5668.8,5668.8,5261.5,5314.7,5385.5,8379.34170645,34006
2018-10-10,1539129600,5745.0,5745.0,5608.0,5668.8,5668.0,3373.93932552,11602
2018-10-09,1539043200,5757.0,5779.1,5730.0,5745.0,5750.3,2653.87032922,10356
2018-10-08,1538956800,5690.8,5807.5,5683.4,5757.0,5753.8,3251.10181537,15068
2018-10-07,1538870400,5691.9,5712.5,5626.4,5690.9,5673.2,1753.31886012,12493
2018-10-06,1538784000,5725.0,5732.0,5669.7,5691.9,5690.3,1169.28162688,10350
2018-10-05,1538697600,5690.9,5776.0,5659.4,5725.0,5699.7,2323.78493979,10725
2018-10-04,1538611200,5621.6,5735.9,5614.0,5690.9,5691.4,2811.43693731,13201
2018-10-03,1538524800,5628.8,5645.3,5530.0,5621.3,5604.1,5398.96416794,17749
2018-10-02,1538438400,5679.5,5700.0,5600.0,5628.8,5666.6,2445.7163021,11817
2018-10-01,1538352000,5683.6,5719.0,5584.0,5677.9,5669.2,2783.18002948,14974
2018-09-30,1538265600,5675.7,5716.8,5612.9,5687.0,5671.4,1424.48398348,9379
2018-09-29,1538179200,5708.9,5708.9,5565.6,5668.1,5640.4,2042.14477041,11800
2018-09-28,1538092800,5738.7,5861.0,5620.1,5708.9,5741.9,4225.51949022,17767
2018-09-27,1538006400,5496.3,5760.5,5496.3,5738.7,5585.1,2683.53875848,12998
2018-09-26,1537920000,5472.2,5572.0,5425.1,5496.8,5519.2,3181.28597652,16175
2018-09-25,1537833600,5599.7,5600.2,5385.0,5472.2,5451.2,3691.50801126,18773
2018-09-24,1537747200,5691.7,5708.4,5415.0,5599.7,5606.9,4024.55746985,19183
2018-09-23,1537660800,5707.1,5749.9,5656.5,5691.7,5704.9,1573.41208568,14034
2018-09-22,1537574400,5734.4,5795.4,5626.8,5707.1,5692.8,2877.3452007,17572
2018-09-21,1537488000,5514.0,5766.7,5271.0,5734.4,5672.0,6380.81221265,30986
2018-09-20,1537401600,5478.2,5596.9,5385.2,5514.0,5473.7,4368.84785444,16929
2018-09-19,1537315200,5423.5,5599.8,5240.0,5478.2,5418.9,4927.65302547,18341
2018-09-18,1537228800,5359.6,5452.6,5329.8,5420.2,5400.2,3526.20430214,15228
2018-09-17,1537142400,5586.9,5610.0,5301.7,5359.6,5434.3,4826.39264631,20555
2018-09-16,1537056000,5605.0,5608.0,5490.0,5586.9,5563.1,1381.43508086,8266
2018-09-15,1536969600,5572.8,5648.9,5561.5,5605.0,5610.8,1233.26033015,9169
2018-09-14,1536883200,5553.6,5629.8,5450.5,5572.8,5563.9,3853.8864976,18242
2018-09-13,1536796800,5442.1,5659.7,5375.0,5556.6,5545.3,6125.93247781,23678
2018-09-12,1536710400,5413.6,5493.8,5347.8,5442.1,5401.8,3685.588925,18649
2018-09-11,1536624000,5439.9,5523.3,5321.6,5413.6,5418.7,4139.80031755,17682
2018-09-10,1536537600,5398.9,5515.6,5382.1,5439.8,5433.0,3773.36350578,17348
2018-09-09,1536451200,5369.2,5600.0,5330.1,5398.9,5468.3,2747.14219504,14087
2018-09-08,1536364800,5530.6,5596.0,5301.0,5369.2,5433.0,3722.19131073,15160
2018-09-07,1536278400,5599.0,5620.0,5421.0,5530.6,5556.3,4845.57256058,17833
2018-09-06,1536192000,5752.9,5762.7,5385.5,5599.0,5523.7,10004.84610508,29785
2018-09-05,1536105600,6341.6,6380.7,5720.1,5752.9,6037.2,7459.95410866,29580
2018-09-04,1536019200,6243.2,6389.9,6228.9,6341.6,6333.9,3186.17121011,15109
2018-09-03,1535932800,6281.1,6300.0,6188.0,6243.2,6249.3,2735.72941375,14025
2018-09-02,1535846400,6178.4,6326.9,6130.0,6280.9,6243.8,2855.51128328,13840
2018-09-01,1535760000,6031.2,6239.0,6030.2,6178.4,6133.3,3130.65948751,15905
2018-08-31,1535673600,5980.7,6100.0,5910.1,6031.2,6002.0,3257.30406596,16236
2018-08-30,1535587200,5998.5,6023.6,5814.9,5980.7,5911.3,4250.390132,18349
2018-08-29,1535500800,6052.0,6109.9,5914.0,5998.5,6026.4,3939.29355442,17729
2018-08-28,1535414400,5899.0,6096.0,5874.8,6052.0,5993.6,5046.14058509,19274
2018-08-27,1535328000,5764.9,5935.0,5720.0,5899.0,5790.1,3350.45934073,12199
2018-08-26,1535241600,5789.6,5825.0,5659.0,5764.9,5742.3,1875.14070983,9141
2018-08-25,1535155200,5758.9,5840.0,5722.0,5789.9,5774.6,2306.69466793,9261
2018-08-24,1535068800,5652.2,5795.4,5565.4,5758.9,5677.1,3593.70790482,14046
2018-08-23,1534982400,5481.2,5689.6,5472.2,5652.2,5587.2,4672.27832405,13610
2018-08-22,1534896000,5593.1,5936.0,5380.0,5481.2,5654.6,7915.82313101,24808
2018-08-21,1534809600,5456.6,5629.9,5432.9,5593.1,5552.7,4787.98212887,14465
2018-08-20,1534723200,5670.0,5701.8,5376.0,5456.6,5591.2,4531.50582007,13827
2018-08-19,1534636800,5604.3,5755.0,5541.5,5670.0,5639.9,2750.19146473,11249
2018-08-18,1534550400,5760.7,5783.0,5505.0,5604.3,5616.7,3541.92007287,14740
2018-08-17,1534464000,5566.0,5782.8,5551.2,5760.7,5692.4,3772.3229732,16977
2018-08-16,1534377600,5537.3,5700.0,5474.8,5566.0,5600.5,4629.26217558,17476
2018-08-15,1534291200,5461.2,5880.0,5455.0,5537.3,5655.0,8284.9408564,26478
2018-08-14,1534204800,5498.0,5498.8,5166.1,5461.2,5330.6,8626.96971178,30734
2018-08-13,1534118400,5544.4,5767.9,5402.0,5498.0,5581.2,5981.13498505,22037
2018-08-12,1534032000,5471.3,5714.3,5410.0,5544.4,5545.6,4032.28017088,22549
2018-08-11,1533945600,5380.3,5719.8,5257.8,5471.3,5465.4,4400.28655117,23825
2018-08-10,1533859200,5673.8,5719.4,5015.0,5380.3,5526.2,6069.30462945,23885
2018-08-09,1533772800,5412.7,5750.0,5350.2,5673.8,5547.2,6327.52602602,20779
2018-08-08,1533686400,5792.0,5793.6,5275.0,5412.7,5530.5,8373.89646451,28703
2018-08-07,1533600000,6003.6,6159.9,5758.4,5792.0,6006.2,5978.27111986,21632
2018-08-06,1533513600,6071.5,6182.0,5921.2,6003.6,6027.8,3029.00860884,15322
2018-08-05,1533427200,6048.5,6123.6,5939.2,6071.5,6042.4,2675.54355612,12432
2018-08-04,1533340800,6400.0,6467.5,5981.5,6048.5,6168.0,4851.845117,16871
2018-08-03,1533254400,6498.8,6506.2,6279.6,6400.0,6383.8,4763.30887607,18857
2018-08-02,1533168000,6499.7,6600.0,6400.0,6499.1,6509.1,3186.06494154,15657
2018-08-01,1533081600,6600.6,6630.1,6353.0,6499.7,6461.1,6398.67173421,21617
2018-07-31,1532995200,6966.6,6967.7,6529.5,6600.6,6687.2,7161.54116393,26768
2018-07-30,1532908800,7041.8,7100.0,6703.4,6966.6,6914.7,5558.47974128,23648
2018-07-29,1532822400,7055.1,7116.7,6966.0,7041.8,7030.0,1651.11314601,10584
2018-07-28,1532736000,7008.7,7058.8,6923.9,7055.1,7004.4,1735.62290141,12496
2018-07-27,1532649600,6800.3,7091.1,6677.7,7008.7,6883.9,5683.84890472,24847
2018-07-26,1532563200,6954.6,7121.8,6732.4,6800.4,6957.2,5975.29627185,25076
2018-07-25,1532476800,7179.9,7250.0,6876.3,6954.6,7027.8,5752.88537974,27389
2018-07-24,1532390400,6600.5,7250.0,6588.0,7179.9,6963.9,10914.10966961,40594
2018-07-23,1532304000,6293.7,6686.9,6271.4,6600.5,6565.3,6613.94842042,27853
2018-07-22,1532217600,6297.0,6442.3,6204.6,6293.7,6352.7,2733.02412976,18543
2018-07-21,1532131200,6241.4,6339.1,6150.0,6297.0,6243.2,2791.74406933,14815
2018-07-20,1532044800,6409.5,6581.0,6165.7,6241.4,6353.2,5822.86775756,27525
2018-07-19,1531958400,6326.0,6482.3,6242.9,6409.5,6382.2,3966.46740149,21880
2018-07-18,1531872000,6261.5,6499.5,6226.0,6326.0,6360.6,6531.31317797,33437
2018-07-17,1531785600,5739.0,6375.5,5679.5,6261.5,6072.7,7324.21700241,27519
2018-07-16,1531699200,5438.0,5754.9,5422.8,5739.5,5587.0,6069.72671725,19898
2018-07-15,1531612800,5353.6,5489.9,5333.2,5438.0,5436.4,2988.12195143,15077
2018-07-14,1531526400,5322.1,5414.9,5295.7,5353.6,5338.5,1447.33970548,11674
2018-07-13,1531440000,5358.2,5427.0,5255.0,5322.1,5348.9,4136.72985364,13813
2018-07-12,1531353600,5459.8,5459.9,5217.4,5356.3,5308.6,4470.42793149,14440
2018-07-11,1531267200,5372.6,5460.0,5359.7,5459.8,5420.4,4157.04668344,12944
2018-07-10,1531180800,5660.6,5673.4,5354.2,5372.6,5488.6,5544.89262197,16994
2018-07-09,1531094400,5702.3,5781.7,5632.2,5660.6,5699.7,2800.03974086,13099
2018-07-08,1531008000,5746.0,5771.7,5676.7,5705.6,5735.8,2116.22347608,10381
2018-07-07,1530921600,5619.3,5793.4,5550.0,5746.0,5625.2,2026.82408349,9539
2018-07-06,1530835200,5580.7,5662.0,5510.0,5619.3,5588.7,2524.52535298,11791
2018-07-05,1530748800,5649.0,5745.0,5532.3,5580.7,5630.2,4076.57943777,15425
2018-07-04,1530662400,5576.4,5821.9,5503.0,5649.0,5661.9,3823.57755793,15860
2018-07-03,1530576000,5686.1,5726.8,5530.5,5575.0,5648.3,3248.50138657,16654
2018-07-02,1530489600,5433.4,5747.7,5382.5,5685.5,5607.7,3960.72429115,25042
2018-07-01,1530403200,5457.7,5499.9,5355.0,5433.4,5434.6,2120.88693595,14243
2018-06-30,1530316800,5304.1,5557.1,5299.8,5460.1,5446.1,3982.34472513,21481
2018-06-29,1530230400,5062.8,5388.9,4963.2,5304.1,5095.8,5312.92905887,18836
2018-06-28,1530144000,5304.7,5321.0,5037.1,5062.8,5209.0,3843.95256256,17106
2018-06-27,1530057600,5215.6,5335.2,5161.4,5304.8,5248.1,4020.29014801,22138
2018-06-26,1529971200,5340.0,5362.8,5195.5,5212.0,5300.7,5651.85468152,13954
2018-06-25,1529884800,5274.5,5430.0,5187.0,5338.9,5317.3,6338.97549007,15657
2018-06-24,1529798400,5290.8,5399.8,4953.2,5274.1,5146.8,8892.08958237,29616
2018-06-23,1529712000,5208.3,5367.0,5145.2,5290.8,5259.6,3581.56023872,15342
2018-06-22,1529625600,5797.6,5797.6,5105.0,5208.2,5357.3,14150.84077644,40147
2018-06-21,1529539200,5837.4,5875.0,5767.8,5797.6,5820.4,3128.61960691,22151
2018-06-20,1529452800,5830.0,5881.0,5670.7,5837.4,5787.5,4651.76948142,16839
2018-06-19,1529366400,5765.1,5930.0,5735.0,5830.0,5827.6,5238.78369087,23926
2018-06-18,1529280000,5550.0,5856.0,5509.2,5765.1,5671.2,5173.76081471,27216
2018-06-17,1529193600,5586.8,5658.7,5532.8,5552.7,5592.2,1804.95585667,21213
2018-06-16,1529107200,5516.8,5639.7,5457.0,5586.8,5565.3,2866.34604289,12494
2018-06-15,1529020800,5746.6,5886.5,5500.0,5515.6,5660.9,6008.04587731,26478
2018-06-14,1528934400,5339.1,5791.3,5321.6,5746.7,5585.0,9176.37130469,46934
2018-06-13,1528848000,5585.0,5637.3,5250.0,5339.3,5432.8,10057.12931804,41259
2018-06-12,1528761600,5855.3,5855.3,5500.0,5585.0,5687.7,6346.23238892,26482
2018-06-11,1528675200,5753.4,5883.6,5630.1,5855.3,5739.5,6903.11251973,29836
2018-06-10,1528588800,6377.0,6377.0,5653.4,5753.4,5955.5,9719.47721349,31140
2018-06-09,1528502400,6474.1,6525.0,6350.0,6376.9,6462.5,1769.455032,17906
